Id,Pawpularity
4128bae22183829d2b5fea10effdb0c3,36.726190476190474
43a2262d7738e3d420d453815151079e,35.87017543859649
4e429cead1848a298432a0acad014c9d,36.726190476190474
80bc3ccafcc51b66303c2c263aa38486,41.5607476635514
8f49844c382931444e68dffbe20228f4,39.16981132075472
b03f7041962238a7c9d6537e22f9b017,38.86821705426357
c978013571258ed6d4637f6e8cc9d6a3,36.726190476190474
e0de453c1bffc20c22b072b34b54e50f,37.38813559322034
